first_seen_date,last_seen_date,channel_id,title,url,subscriber_text,subscriber_count_estimate,video_count_text,source_queries,description,review_status
2026-05-10,2026-05-10,UCzKrJ5NSA9o7RHYRG12kHZw,Jeremy Fragrance,https://www.youtube.com/@jeremyfragrance,2.54M subscribers,2540000,,best fragrances; fragrance collection; fragrance review; men's fragrances; perfume brand review; perfume collection; perfume review; scent of the day perfume; unisex fragrance; women's perfume,The Number 1 Fragrance Icon That Follows The Teachings Of Jesus. BOOKING@Jeremyfragrance.com.,approved_creator_candidate
2026-05-10,2026-05-10,UCSU9CcO8hvayDPZSZcfTxDg,Andres Perfume-Man,https://www.youtube.com/@AndresPerfumeMan,2.45M subscribers,2450000,,perfume review,Andres Croxatto ,approved_creator_candidate
2026-05-10,2026-05-10,UCIH0E-zQ3-HzYDChlpafRsQ,Vanillamace,https://www.youtube.com/@Vanillamacee,1.67M subscribers,1670000,,vanilla perfume,vanillas vlogs & gaming clips!,reject_noise
2026-05-10,2026-05-10,UCxOjoraUPd0Dq9PAyIhC6tQ,Perfume,https://www.youtube.com/@Perfume,1.14M subscribers,1140000,,women's perfume,Perfume YouTube Official Channel.,reject_noise
2026-05-10,2026-05-10,UCaUv9lH-9-99jnMpmooafuQ,NAUTIQUE LUXURY ,https://www.youtube.com/@voyageperfumes,1.13M subscribers,1130000,,luxury perfume,"Nautique luxury perfume is your go-to YouTube channel for everything about perfumes and fragrances! Founded by [Your Name], ...",approved_creator_candidate
2026-05-10,2026-05-10,UC9IImcLkUdmURWtQhxu8VwQ,Gents Scents,https://www.youtube.com/@GentsScents,634K subscribers,634000,,best fragrances; fragrance collection; men's fragrances; scent of the day perfume; summer fragrances,Welcome to Gents Scents! Here you'll find fragrance lists and reviews to help you discover the best fragrances for any situation.,approved_creator_candidate
2026-05-10,2026-05-10,UCcwPIKNTMO5S-Vd7z-RrIhg,CurlyFragrance,https://www.youtube.com/@CurlyFragrance,574K subscribers,574000,,best fragrances; fragrance collection; fragrance dupes; fragrance review; men's fragrances; oud fragrance; perfume brand review; perfume collection; perfume haul; perfume review; summer fragrances; unisex fragrance; winter fragrances; women's perfume,"Buy my own fragrance https://ryziger.com/ Hi, my name is Michella. I'm that girl who oversprays fragrances #Teamoversprayers ...",approved_creator_candidate
2026-05-10,2026-05-10,UC0zYuwJf9-i3ROZ1F30gV4w,Robin James,https://www.youtube.com/@ManForHimself,511K subscribers,511000,,men's fragrances,"Men's grooming with unfiltered honesty! Hair tutorials, product reviews, skincare and fragrance.",approved_creator_candidate
2026-05-10,2026-05-10,UCPqWyyP8LhNaY-mD_RTtKrg,Christopher Lee Fragrances ,https://www.youtube.com/@ChristopherLeeFragrances,412K subscribers,412000,,best fragrances; fragrance review; summer fragrances,"Since 2023, Christopher Lee has redefined modern perfumery by placing fragrance at the intersection of culture, emotion, and ...",approved_creator_candidate
2026-05-10,2026-05-10,UCuSy0Z5UwvkMQ7lXRbUdOnQ,Redolessence,https://www.youtube.com/@Redolessence,405K subscribers,405000,,best fragrances; fragrance collection; fragrance review; perfume brand review; perfume collection; perfume haul; perfume review,Sharing my passion and hobby for fragrances with the world through my fragrance reviews / cologne reviews! Whether you're ...,approved_creator_candidate
2026-05-10,2026-05-10,UC64osG3B8XviRGcgW2x2T6A,Perfume Network,https://www.youtube.com/@perfumenetwork,369K subscribers,369000,,women's perfume,The best olfactory experience on Youtube!,approved_creator_candidate
2026-05-10,2026-05-10,UC88iYYngvMLb_3obJKMCI3w,Demi Rawling,https://www.youtube.com/@demirawling,368K subscribers,368000,,best fragrances; fragrance industry; fragrance review; men's fragrances; perfume collection; perfume haul; perfume review; women's perfume,LUXURY FRAGRANCE REVIEWS Dubai Contact me - demirawling@gmail.com.,approved_creator_candidate
2026-05-10,2026-05-10,UCMLa4kK2x044DMPsK17zXSQ,King Tafah,https://www.youtube.com/@WarrenTafah,347K subscribers,347000,,fragrance dupes; perfume dupes,"Hey Hello My Name Is Warren Tafah. Author, Entrepreneur, Marketing Guru, Influencer. Originally from West Africa, Cameroon to ...",reject_noise
2026-05-10,2026-05-10,UCFarEEFsV90-pvUU0XdUdgQ,The Perfume Guy,https://www.youtube.com/@ThePerfumeGuy,333K subscribers,333000,,best fragrances; fragrance review; luxury perfume; perfume brand review; perfume review,"I'm a San Francisco–based fragrance reviewer and lifelong perfume enthusiast, covering everything from classic designer staples ...",approved_creator_candidate
2026-05-10,2026-05-10,UCRGkzuXpYq4hCDGKe-9P50g,Olivia Olfactory,https://www.youtube.com/@OliviaOlfactory,330K subscribers,330000,,vanilla perfume,Your Fragrance Fairy Godmother . olivia@jadegroup.co.,secondary_review_needed
2026-05-10,2026-05-10,UC7yWwH6peQbpfLMVKKuR-xg,School of Scent,https://www.youtube.com/@SchoolOfScent,319K subscribers,319000,,best fragrances; fragrance collection; fragrance review; men's fragrances,"Exploring the world of Men's Fragrances, to find scents that stand out in a creative way and are worth owning in your collection.",approved_creator_candidate
2026-05-10,2026-05-10,UCNDQy3YbPtp37i7B91f6kFQ,FBFragrances,https://www.youtube.com/@FBFragrances,312K subscribers,312000,,best fragrances; fragrance collection; fragrance dupes; perfume collection; perfume dupes; perfume haul; summer fragrances; winter fragrances; women's perfume,Fragrance influencer and lover. Passionate about helping men smell their best through providing knowledge and advice. TikTok ...,approved_creator_candidate
2026-05-10,2026-05-10,UC0fOGtvT1x8irPUZOFdF2mA,Chaos Fragrances,https://www.youtube.com/@ChaosFragrances,276K subscribers,276000,,winter fragrances,,secondary_review_needed
2026-05-10,2026-05-10,UC1ZIeqgDEyIyB6srbqfIehQ,Amanzada Perfumes,https://www.youtube.com/@Officialamanzadaperfumes,255K subscribers,255000,,perfume brand review; women's perfume,"Your ultimate destination for a global array of brand impressions - a perfumed haven, all under one roof. #amanzadaperfumes.",approved_creator_candidate
2026-05-10,2026-05-10,UCWVcO9sn0OEOON6JM1-bhRw,TheCologneBoy,https://www.youtube.com/@TheCologneBoy,250K subscribers,250000,,fragrance collection,Tiktok- 2.2 M Instagram- 943K Subscribe for Fragrance Meme/ Reviews! Email- jatin.arora1305@gmail.com.,approved_creator_candidate
2026-05-10,2026-05-10,UCwC5SYktSjM2zlswRYUvg6w,MC Colognes,https://www.youtube.com/@MCColognes,237K subscribers,237000,,best fragrances; men's fragrances; summer fragrances,Welcome to my channel! Here I review fragrances for men.,approved_creator_candidate
2026-05-10,2026-05-10,UCKtI2EPpyNu27M4BNeCVg9w,perfumerism,https://www.youtube.com/@perfumerism,232K subscribers,232000,,men's fragrances; perfume collection; perfume haul; perfume review,welcome to my youtube! my name is emma and i am a lover of all things beauty❤️ follow me on tiktok: @perfumerism.,approved_creator_candidate
2026-05-10,2026-05-10,UCVvzGrPSok_sf8hfDhvTg7w,BowTie FragranceGuy,https://www.youtube.com/@BowTieFragranceGuy,216K subscribers,216000,,fragrance collection,"Men's lifestyle channel. Cologne reviews, style tips, fitness tips and more.... Instagram: the_bowtie_fragranceguy Email: ...",approved_creator_candidate
2026-05-10,2026-05-10,UCflkhyQuNBeiw3__1TUXXNg,Jus de Rose,https://www.youtube.com/@jusderose,210K subscribers,210000,,fragrance collection; perfume collection; summer fragrances,"Fragrance reviews on premium and niche brands, tips and more. Thanks for visiting! - Instagram: @jusderose - Web: ...",approved_creator_candidate
2026-05-10,2026-05-10,UCr7d6GUzpRi9um7kAdkpq6g,vanilla swirl,https://www.youtube.com/@vanilla_swirlxx,206K subscribers,206000,,vanilla perfume,"new videos out weekly! all things beauty, fashion, lifestyle :)",reject_noise
2026-05-10,2026-05-10,UCCI1f7LB5IAgNd3L7IvQoPw,Ajmal Perfume,https://www.youtube.com/@AjmalPerfumes,205K subscribers,205000,,unisex fragrance,"Founded by the Late Haji Ajmal Ali in the early 1950s – in Assam, India – the journey of Ajmal Perfumes is that of the story of 'A ...",brand_shop_or_industry_watch
2026-05-10,2026-05-10,UCmYZrY_MVZy5Iiwlua029kg,TLTG Reviews,https://www.youtube.com/@TLTGReviews,197K subscribers,197000,,fragrance review; perfume review,A Lover of all things Fragrance with down to Earth perspective that all can relate to.,approved_creator_candidate
2026-05-10,2026-05-10,UCFpeJ0JD72StpPtGNp0sDEA,Perfume Gyaan,https://www.youtube.com/@perfumegyaan,190K subscribers,190000,,best fragrances; men's fragrances; perfume brand review; perfume review; summer fragrances,"Hello Friends,  You are welcome to my channel Perfume Gyaan. I do perfume reviews, listicles, and perfume TOP 10 videos on ...",approved_creator_candidate
2026-05-10,2026-05-10,UCzi8yTLv2_lF22VqwfteRLA,Eau D' Erica,https://www.youtube.com/@eauderica,169K subscribers,169000,,oud fragrance,,secondary_review_needed
2026-05-10,2026-05-10,UCJ7EzNsSGFBx1w5KQqRzMqA,Aaron Terence Hughes,https://www.youtube.com/@AaronTerenceHughes,168K subscribers,168000,,best fragrances; fragrance review; perfume review,My fragrance review channel. Please respect each other.,approved_creator_candidate
2026-05-10,2026-05-10,UCJwpKisjUoqk0GWbB98kv-Q,Rahul Sidwan,https://www.youtube.com/@RahulSidwan,167K subscribers,167000,,summer fragrances,"Fragrances can improve your personality and change your mood, This Channel is dedicated to Fragrances, I am a Fragrance ...",approved_creator_candidate
2026-05-10,2026-05-10,UC3OnkvO2RjJSz1nANq1R38Q,Ángeles Parfum,https://www.youtube.com/@AngelesParfum,165K subscribers,165000,,women's perfume,"Bienvenidos! Me llamo Ángeles y en este canal hablaré de perfumes: cómo son, mis experiencias con ellos en cuanto a duración, ...",secondary_review_needed
2026-05-10,2026-05-10,UC7RSI_-mORXwIpM2ZyfO2Ug,Best Brands Perfume,https://www.youtube.com/@BestBrandsPerfume,165K subscribers,165000,,best fragrances; perfume brand review; women's perfume,"SUBSCRIBE FOR ICE CREAM! I've been in love with fragrances since a child of 8 years old. In 1996, I started Fragrances ...",approved_creator_candidate
2026-05-10,2026-05-10,UCfl4dA6LMfkC-wNZjWMlR2g,"Perfume Talk: fragrance reviews, cologne exploring",https://www.youtube.com/@parfumexquis,161K subscribers,161000,,fragrance review; niche fragrance; perfume review,"Welcome to our fragrant corner of YouTube! Here at Perfume Talk, we dive deep into the world of fragrances, from luxurious niche ...",approved_creator_candidate
2026-05-10,2026-05-10,UCojZ5eKUVxgvCppVjzA-7QA,Chad Secrets,https://www.youtube.com/@ChadSecrets,152K subscribers,152000,,best fragrances; fragrance collection; summer fragrances,Big Discounts on Fragrance & Social Media! Fragrance reviewer from.,approved_creator_candidate
2026-05-10,2026-05-10,UCiC5uxWi4WGrR1Suo8I4PqA,Cal Cologne,https://www.youtube.com/@CalCologne,138K subscribers,138000,,best fragrances; fragrance collection; fragrance dupes; fragrance review; summer fragrances; winter fragrances; women's perfume,"Im Cal, a fragrance collector who's loved fragrances since I was 8 years old. I create high-quality fragrance content that helps you ...",approved_creator_candidate
2026-05-10,2026-05-10,UCOHMCV58yR2Wr_BfT_S-Xlw,The Niche Fragrance Collector,https://www.youtube.com/@TheNicheFragranceCollector,136K subscribers,136000,,fragrance collection; niche fragrance; perfume collection; perfume haul,Welcome Everyone! I'm Marcelo your Niche Fragrance Collector and I'm driven by beautiful smells. My desire is to share with you ...,approved_creator_candidate
2026-05-10,2026-05-10,UCQXf2ConvI79TbrUlI3198A,Joy Amin,https://www.youtube.com/@JoyAmin666,119K subscribers,119000,,perfume collection,"I love fragrances, so I dedicate this channel to fragrance reviews mostly. please join my Facebook groups My Official Facebook ...",approved_creator_candidate
2026-05-10,2026-05-10,UCi42yeT0_OLeouUQhDBVZjQ,Monika Cioch ,https://www.youtube.com/@MonikaCioch,116K subscribers,116000,,luxury perfume; niche fragrance; perfume collection; women's perfume,... luxury and niche fragrances I wear and recommend. Shop all my favorite perfumes here: https://shopmy.us/shop/monikacioch.,approved_creator_candidate
2026-05-10,2026-05-10,UCG2E1nDbU-r2ay86tPeHdxg,Cherayeslifestyle,https://www.youtube.com/@Cherayeslifestyle,115K subscribers,115000,,fragrance collection; fragrance haul; perfume collection; perfume haul; women's perfume,FRAGRANCE | BEAUTY | LIFESTYLE I'm a Girl who chooses to see the glass as 1/2 FULL I love all things fancy and fabulous ...,approved_creator_candidate
2026-05-10,2026-05-10,UCmCiNRRSXNR38_i3l6HqW0Q,Hamza Saab,https://www.youtube.com/@HamzaSaab,109K subscribers,109000,,men's fragrances,,secondary_review_needed
2026-05-10,2026-05-10,UCEL37qeml61ax4MNtZmnRxQ,Mom Perfumes,https://www.youtube.com/@MomPerfumes,103K subscribers,103000,,perfume brand review,Buy 100% authentic Made in UAE budget alternatives to highly expensive designer & niche Perfumes. Designer and Niche ...,approved_creator_candidate
2026-05-10,2026-05-10,UCta4sjQtsMUtBCkI811ocfA,Mila Le Blanc,https://www.youtube.com/@Milaleblanc,98.6K subscribers,98600,,fragrance haul; perfume collection; perfume haul,,approved_creator_candidate
2026-05-10,2026-05-10,UCAUYp5Dqm-uN2NepHFaRJkw,Noel Deyzel,https://www.youtube.com/@noeldeyzelfragrances,91.5K subscribers,91500,,best fragrances; fragrance review; men's fragrances; oud fragrance; summer fragrances; vanilla perfume,,reject_noise
2026-05-10,2026-05-10,UCAj2eCFI8Khv_WAwUxFnx2w,Ksenja,https://www.youtube.com/@ksenja6023,86.6K subscribers,86600,,fragrance haul; perfume collection; perfume haul; perfume review,The perfect channel destination for all things smelling good.,approved_creator_candidate
2026-05-10,2026-05-10,UC7jAHW1aoj8T1G_v9rCM-DQ,Tarique Fragrance,https://www.youtube.com/@TariqueFragrance,85.5K subscribers,85500,,middle eastern fragrances; perfume brand review,"Hello Fragheads! Confused about buying a perfume/fragrance/attar? We are always at your help. In this Channel, we do videos ...",approved_creator_candidate
2026-05-10,2026-05-10,UCL_NG3Uwy9EEEWUoltLYfVg,Paulina&Perfumes,https://www.youtube.com/@Paulina.Perfumes,85.1K subscribers,85100,,arabian perfumes; fragrance collection; fragrance haul; fragrance review; niche fragrance; perfume brand review; perfume collection; perfume haul; perfume review; women's perfume,SUBSCRIBE FOR GIVEAWAYS   DISCOUNT CODES & LINKS   * https://linktr.ee/paulina.perfumes PERFUME REVIEWS ...,approved_creator_candidate
2026-05-10,2026-05-10,UCT5GB0dJPVEfqk2wpwQI1_w,Baldassarre Fragrance,https://www.youtube.com/@BaldassarreFragrance,83.7K subscribers,83700,,fragrance collection; fragrance review; men's fragrances; niche fragrance; perfume collection; perfume haul; perfume review; women's perfume,,approved_creator_candidate
2026-05-10,2026-05-10,UCTMtNhRZ8-QRTsyiojH8Zqg,FragranceFlan,https://www.youtube.com/@FragranceFlan,80.9K subscribers,80900,,best fragrances; fragrance dupes; fragrance haul; perfume dupes; summer fragrances; vanilla perfume; winter fragrances; women's perfume,all things fragrance; smelly water enthusiast.,approved_creator_candidate
2026-05-10,2026-05-10,UCyvfQ7mtHGP14349D6WgXYg,Sharida M,https://www.youtube.com/@SharidaM,77.5K subscribers,77500,,middle eastern fragrances; perfume haul,,approved_creator_candidate
2026-05-10,2026-05-10,UC-DfexEWlXE126j7wvB4iWA,Clémence CC Fragrance,https://www.youtube.com/@clemenceccfragrance,76.5K subscribers,76500,,best fragrances; fragrance review; perfume brand review; perfume review,"Bonjour Fragrance Lovers, My name is Clemence, Im Fragrance Specialist and here to share my passion for the echanting world ...",approved_creator_candidate
2026-05-10,2026-05-10,UC51NlSiV9JKwDiVwBMH9tpw,ccfragrances,https://www.youtube.com/@ccfragrances,75.1K subscribers,75100,,men's fragrances,"Hello dear viewer, You don´t know which fragrance to buy? Then you are right on this channel. Scents from all over the world are ...",approved_creator_candidate
2026-05-10,2026-05-10,UCXcgsnHlyGGu5XdUYvvNOcw,Naaz Perfumes,https://www.youtube.com/@NaazPerfumes,73.2K subscribers,73200,,middle eastern fragrances,Founder of India's most trusted fragrance website – www.naazperfumes.com Oud Specialist & Middle Eastern Perfume King ...,secondary_review_needed
2026-05-10,2026-05-10,UCAjw0drRKcR8-FN30wb7zTw,Elijah Yeroushalmi,https://www.youtube.com/@Fragrancez,69.9K subscribers,69900,,summer fragrances; winter fragrances,Hello! My Name is Elijah Yeroushalmi and I specialize in anything “fragrance” related. Enjoy.,secondary_review_needed
2026-05-10,2026-05-10,UC_Zj9atmpE2MQBtzTfqDFfw,FragranceView,https://www.youtube.com/@FragranceView,66.9K subscribers,66900,,fragrance review; perfume brand review,"My name is Peter, I am a Fragrance Reviewer here on YouTube. I am also the perfumer and owner of Centauri Perfumes and Lila ...",approved_creator_candidate
2026-05-10,2026-05-10,UCE1MVQrpWEgR9wI5nwJcfxA,Smelly Cat,https://www.youtube.com/@smellycatreviews,63.5K subscribers,63500,,fragrance haul; fragrance review; perfume brand review; perfume review,"Welcome to Smelly Cat! The channel for fragrance lovers who want real reviews with no sponsors, no affiliate links, no free bottles, ...",approved_creator_candidate
2026-05-10,2026-05-10,UC-SRft7aJvNDwSNhJfDfOhA,Extra Gents Scents,https://www.youtube.com/@extragentsscents,60.9K subscribers,60900,,men's fragrances,"Ash here from Gents Scents. This is my ""extra"" channel where I'll cover additional fragrances that I normally wouldn't on my main ...",approved_creator_candidate
2026-05-10,2026-05-10,UC6n0-YKcLng9oLkbOnkSwpg,Sol,https://www.youtube.com/@perfumesiren,58.5K subscribers,58500,,women's perfume,"Perfume-obsessed and always chasing the perfect scent. Let's dive into the world of fragrances, one spray at a time! Find me on ...",secondary_review_needed
2026-05-10,2026-05-10,UCMz0tE1qg5SwmrAF3Cshe0A,The Fragrance Apprentice,https://www.youtube.com/@TheFragranceApprentice,58.1K subscribers,58100,,scent of the day perfume,,secondary_review_needed
2026-05-10,2026-05-10,UCNQmAK19pCzKUR1vMeT0-uA,Hassan Siddiqui,https://www.youtube.com/@HassanSiddiqui1,57.9K subscribers,57900,,oud fragrance,"I'm Hassan Siddiqui, founder of Hasan Oud, a fragrance house dedicated to reviving India's rich perfumery heritage. This channel ...",approved_creator_candidate
2026-05-10,2026-05-10,UCItdSScEJS_QuMPHw-zt2Jw,Paul Reacts - Fragrance Influencer,https://www.youtube.com/@PaulReactss,57.5K subscribers,57500,,vanilla perfume,Self Proclaimed King Of Gourmands - Paul@NightingaleMgmt.co.,approved_creator_candidate
2026-05-10,2026-05-10,UCqMZEtmuHd9ez1BfX7EHqDQ,Leni's Scents,https://www.youtube.com/@LenisScents,57.4K subscribers,57400,,best fragrances; vanilla perfume,"Hallo du, schön, dass du hier bist! Auf diesem Kanal führe ich dich durch die Welt der Düfte, mache Reviews und gebe ...",approved_creator_candidate
2026-05-10,2026-05-10,UCY-TQyBGpPWmY8s_tFLlQrQ,Anne Lauren,https://www.youtube.com/@AnneLauren,52.4K subscribers,52400,,best fragrances; fragrance collection; perfume brand review; perfume collection; perfume haul,"Hey guys, welcome to my channel! Fragrance is something I'm very passionate about, and I'm so thankful for this platform where I ...",approved_creator_candidate
2026-05-10,2026-05-10,UCnV4ZfTLW46XFwOirjmGRuA,Perfume Princess,https://www.youtube.com/@perfumeprincess,50.5K subscribers,50500,,luxury perfume; perfume dupes; women's perfume,,brand_shop_or_industry_watch
2026-05-10,2026-05-10,UCyU1XUvAFqV2X1NVCcRqRNA,The Perfume Nest,https://www.youtube.com/@ThePerfumeNest,49K subscribers,49000,,vanilla perfume,Hello everyone! My name is Christine (my friends call me Chris). I have been a fragrance enthusiast since I was 8 and spent my ...,approved_creator_candidate
2026-05-10,2026-05-10,UCB2uEErrIJUDwNHGAnPdojA,Delicious Delights,https://www.youtube.com/@DeliciousDelights,48.9K subscribers,48900,,fragrance collection; perfume collection; perfume haul,,approved_creator_candidate
2026-05-10,2026-05-10,UCsxtwtRfm7DyFt34F5GRApg,Arabian perfumes عطور العرب ,https://www.youtube.com/@Arabianperfumess,48.8K subscribers,48800,,arabian perfumes,البشرة و الشعر والعطور هنا المعلومة والتجربة.,secondary_review_needed
2026-05-10,2026-05-10,UCTWhS5jaF1MBIEk7wqYZGAg,Arabian Oud العربية للعود ,https://www.youtube.com/@ArabianOud,46.9K subscribers,46900,,oud fragrance,أنشئت العربية للعود في عام 1982، بإيمان‭ ‬وإصرار‭ ‬على‭ ‬تحقيق‭ ‬حلم‭ ‬عريق‭ ‬لرفع‭ ‬راية‭ ‬‮«‬صنع‭ ‬في‭ ‬السعودية‮»‬،‭ ‬قامت‭‬ ...,secondary_review_needed
2026-05-10,2026-05-10,UCzH0Tal9pApj-F6KSGZHo4Q,FragranceKnowledge,https://www.youtube.com/@Fragranceknowledge,44.7K subscribers,44700,,unisex fragrance,Welcome to Fragrance knowledges channel.,approved_creator_candidate
2026-05-10,2026-05-10,UC-yhSJPSZzjPokxWTmycoyw,Fragrantix,https://www.youtube.com/@Fragrantix,44.4K subscribers,44400,,perfume collection; summer fragrances; winter fragrances,Explore the world of fine fragrances with honest reviews and insights from someone passionate about scents. I share my thoughts ...,approved_creator_candidate
2026-05-10,2026-05-10,UCNn5SzNLEe2F9M04sn2aoDA,K&A Fragrances,https://www.youtube.com/@KAFragrances,41.9K subscribers,41900,,best fragrances; fragrance collection; middle eastern fragrances; perfume haul,Sospiro Vibrato   Tiktok: 100K+ followers.,approved_creator_candidate
2026-05-10,2026-05-10,UCY5whZtRryesHhICe4tzwWQ,I am Noelle,https://www.youtube.com/@IamNoelle,41.5K subscribers,41500,,fragrance dupes; perfume dupes,"Smelling good is a full time job. Perfume reviewer on Instagram, TikTok and YouTube. iamnoelle@nowadaystalent.com (for ...",approved_creator_candidate
2026-05-10,2026-05-10,UC56RuZSNuMlZzDj1Bq8bj4g,Ai_TheGreat,https://www.youtube.com/@Ai_TheGreat,41.2K subscribers,41200,,fragrance collection; perfume collection; perfume haul,"New Videos Sundays, Tuesdays & Thursdays. Fragrance| Fashion  |Beauty  Luxury & Lifestyle Vlogs       ...",approved_creator_candidate
2026-05-10,2026-05-10,UCLJbk3Vkrj8XgdTTfuCfGMA,Lauren Mae Fragrance,https://www.youtube.com/@laurenmaefragrance,39.1K subscribers,39100,,best fragrances; fragrance haul; niche fragrance; perfume haul; scent of the day perfume; summer fragrances; vanilla perfume; women's perfume,Let's talk about all things scent!!,approved_creator_candidate
2026-05-10,2026-05-10,UC11CT1THiGs6fQwIpH2QJfQ,Fragrance House,https://www.youtube.com/@fragrancehouse,37.8K subscribers,37800,,best fragrances; fragrance dupes; fragrance review; perfume review,"Welcome to Fragrance House! ✨ If you love perfumes, attars, and great scents, you're in the right place. We review every ...",approved_creator_candidate
2026-05-10,2026-05-10,UCpADiPCq2CpF0hmBDso8kdA,MAGS FRAGS - Fragrance Reviews,https://www.youtube.com/@magsfrags2020,37.4K subscribers,37400,,fragrance industry; fragrance review; perfume brand review,"Hello and welcome to my channel which focuses on mens designer, niche and clone fragrances. I am a fragrance enthusiast of ...",approved_creator_candidate
2026-05-10,2026-05-10,UCTVeHZt9z-HNgbCqE3hIZ5g,Rhonda Lareese,https://www.youtube.com/@RhondaLareese,36.9K subscribers,36900,,perfume collection,"Perfume critic and enthusiast. Rhonda Lareese makes the perfume industry and perfume brands like Versace, Prada, Valentino, ...",approved_creator_candidate
2026-05-10,2026-05-10,UC28LF9JBelUwMt7M1ZTkVpw,Sandra Solomon Fragrance,https://www.youtube.com/@SandraSolomonFragrance,36.7K subscribers,36700,,men's fragrances; summer fragrances; winter fragrances,The best fragrances for men right here Share my passion for fragrances and explore the world of scents together. Always ...,approved_creator_candidate
2026-05-10,2026-05-10,UClps5byr23beMTYzlV4EqJA,Perfumes With Pratha,https://www.youtube.com/@PrathaBhardwaj,36.7K subscribers,36700,,middle eastern fragrances; perfume collection; perfume haul; summer fragrances; women's perfume,A channel dedicated to the love of PERFUMES | SELFCARE | SMELLING GOOD.,approved_creator_candidate
2026-05-10,2026-05-10,UCd7OAY06IuwYsUoWsn3gbuQ,Scented Moments,https://www.youtube.com/@ScentedMoments,36K subscribers,36000,,fragrance haul,"Discover the best fragrances with reviews, top lists, and comparisons. New videos every week!",approved_creator_candidate
2026-05-10,2026-05-10,UCnUgSTihLHu-PJ5nTXXYbDg,Paragon Fragrances,https://www.youtube.com/@ParagonFragrance,35.8K subscribers,35800,,best fragrances,"I'm Nate, I make Fragrance Reviews.",approved_creator_candidate
2026-05-10,2026-05-10,UCj0zv4wvSIVCiMEV1EOzL_g,Lifestyle Malayalam,https://www.youtube.com/@LifestyleMalayalam,34.8K subscribers,34800,,perfume review; women's perfume,... perfume review platform in Malayalam—publishing new reviews every alternate day https://instagram.com/riyaz_madappally E ...,approved_creator_candidate
2026-05-10,2026-05-10,UCAauMekWOdAfSHSDl6Crsmw,Gabby Loves Perfumes,https://www.youtube.com/@Gabbylovesperfumes,34.2K subscribers,34200,,fragrance industry; perfume haul; women's perfume,Email: gabbylovesperfumes@yahoo.com.,approved_creator_candidate
2026-05-10,2026-05-10,UCWM4xqOJn4p9W2BI0BC8dxQ,Fragrance Room,https://www.youtube.com/@Fragranceroom,34.1K subscribers,34100,,winter fragrances,About fragrances and the joy it brings us.,secondary_review_needed
2026-05-10,2026-05-10,UCHiqODdTlSiCckqVJ7iGbZQ,Hayley Clough,https://www.youtube.com/@hayley.clough,32.8K subscribers,32800,,fragrance collection; fragrance review; perfume brand review; perfume collection; perfume haul; perfume review; vanilla perfume,LUXURY FRAGRANCE REVIEWS Contact: hayleyclough@live.co.uk.,approved_creator_candidate
2026-05-10,2026-05-10,UCIoOAUDFs-6PpwPQ1Hfn-Ow,ouch110 Fragrance Reviews,https://www.youtube.com/@ouch110,32.2K subscribers,32200,,fragrance review; perfume brand review; perfume review,Hello! Welcome to my perfume review channel. This channel is for all things perfumery and nice smelling. Here I review ad talk ...,approved_creator_candidate
2026-05-10,2026-05-10,UCt-5DVDZRCUBLdRaFGKeH3w,Fragrance Jam,https://www.youtube.com/@FragranceJam,32.2K subscribers,32200,,fragrance haul; middle eastern fragrances,Putting my Addiction to good use by Sharing my passion and hobby for the fragrances that I own. Make sure that you Subscribe ...,approved_creator_candidate
2026-05-10,2026-05-10,UCF4vsM8pIArlthG4guIPz3Q,Scent Saga,https://www.youtube.com/@ScentSaga,32.1K subscribers,32100,,fragrance industry,"Hey there, fragrance enthusiasts! Welcome to Scent Saga – I'm Deep, your scent buddy, and this is where we keep it real about ...",approved_creator_candidate
2026-05-10,2026-05-10,UC2Uoi3pjiNlfmMVcWzkngSw,Persolaise Perfumes,https://www.youtube.com/@Persolaise,31.2K subscribers,31200,,perfume brand review,"Honest, independent perfume reviews and thoughts on the world of scent from a multi-award winning critic.",approved_creator_candidate
2026-05-10,2026-05-10,UCRKV_EqR8VvmVD-rD7EsR9Q,Evan,https://www.youtube.com/@scentfromevan,30.5K subscribers,30500,,best fragrances,King of Fragrances.,approved_creator_candidate
2026-05-10,2026-05-10,UCkdKfx6zp5Pzx0m2k1MCBxA,Perfumetalk,https://www.youtube.com/@Perfumetalk2,29.3K subscribers,29300,,perfume review,"Welcome to The Fragrance Channel. My name is Rizwan, I'm here to share fragrance making , review, comparisons..",approved_creator_candidate
2026-05-10,2026-05-10,UC8adDqJU-aGGBhwMHLWH83w,SCENTIMENTAL,https://www.youtube.com/@scentimentalforever,28.7K subscribers,28700,,best fragrances; perfume review; winter fragrances,An Immersive dive into the perfume heaven for the sheer love of the beautiful and unique fragrances available all over the world.,approved_creator_candidate
2026-05-10,2026-05-10,UC1tDKoCrnd9FLyppMZ62vHg,Faizan Fragrances,https://www.youtube.com/@faizanfragrances,28.3K subscribers,28300,,fragrance collection; perfume brand review; perfume collection; perfume haul; perfume review,"Welcome to ""Faizan Fragrances""! For business promotion inquiries, contact us via Email: faizantechofficial@gmail.com or ...",approved_creator_candidate
2026-05-10,2026-05-10,UCArpB-dspQ5Ax3pJnj0Rnog,Post Cologne,https://www.youtube.com/@PostCologne,27.9K subscribers,27900,,men's fragrances,"Welcome to Post Cologne where I review Men's fragrances. Everything from designer fragrances, to middle eastern fragrances ...",approved_creator_candidate
2026-05-10,2026-05-10,UCoTr6cN8SE-nG5tWIuP5CjQ,Fragrance by Thuse,https://www.youtube.com/@FragrancebyThuse,27.6K subscribers,27600,,fragrance review; perfume haul; perfume review; women's perfume,Fragrance By Thuse is based in Myanmar and will be uploading fragrance related contents here.,approved_creator_candidate
2026-05-10,2026-05-10,UCHY9bz8PlyPpyzGfDZn0scg,BIRRA FRAGRANCES,https://www.youtube.com/@BIRRAFRAGRANCES,26.8K subscribers,26800,,middle eastern fragrances,"Founded in 2012, Birra Fragrances is a premium homegrown fragrance house with a global outlook. From sourcing the finest ...",brand_shop_or_industry_watch
2026-05-10,2026-05-10,UCzBqBmvnuusXnClXYZ8fdyw,My World of Fragrance,https://www.youtube.com/@MyWorldofFragrance,26.5K subscribers,26500,,niche fragrance,"In 2010, a good friend of mine introduced me to the world of niche fragrance. He had a unique personality and was looking for a ...",secondary_review_needed
2026-05-10,2026-05-10,UC_-FXJoPsApGI_xV1SvRFNw,Fat Boy Finesse,https://www.youtube.com/@fatboyfinesse,26.3K subscribers,26300,,niche fragrance,"Fat Boy Finesse is a men's fragrance media platform focused on value-driven scent discovery, combining long-form trust with ...",secondary_review_needed
2026-05-10,2026-05-10,UC7tMRoj33T1Ky0sfEcRYKNQ,Tommelise,https://www.youtube.com/@Tommelise,26K subscribers,26000,,vanilla perfume,,reject_noise
2026-05-10,2026-05-10,UCeJft2Bva6Sec2lvLZVNweQ,AC Smells Good,https://www.youtube.com/@ACSmellsGood,25.9K subscribers,25900,,best fragrances,"Hi, I am AC. I absolutely adore fragrances and I created this channel to share my passion with you. On this channel you will find ...",approved_creator_candidate
2026-05-10,2026-05-10,UCFtOekf1BTxMEdlcXmmkTbw,Veronica Says,https://www.youtube.com/@VeronicaSays,25.7K subscribers,25700,,women's perfume,Business inquiries: essentialveronica1@gmail.com | I've tried thousands of fragrances across all categories and I have opinions ...,secondary_review_needed
2026-05-10,2026-05-10,UCjC8Pmws0w6ben1xfa_pjrA,ArahiWorld,https://www.youtube.com/@arahiworld,25.7K subscribers,25700,,perfume collection; perfume haul,"Your Fragrance Concierge: delivering bold, honest fragrance reviews and beauty guidance that helps you smell unforgettable, ...",approved_creator_candidate
2026-05-10,2026-05-10,UCSGledNtWySuTSWdFjKqRBw,Scents with Benefits,https://www.youtube.com/@ScentsWithBenefits,25.3K subscribers,25300,,fragrance industry; fragrance trends; unisex fragrance; winter fragrances,I'll help you improve your life through your olfactory system. #1 Fragrance #Unfluencer Business Inquiries: ...,secondary_review_needed
2026-05-10,2026-05-10,UCJq6f8MyXZym8AoJTb3rTlA,Maria Collett,https://www.youtube.com/@mariacollettlife,25K subscribers,25000,,perfume haul; summer fragrances,"Whether you're just starting your fragrance journey or have a full-blown perfume collection, you'll feel right at home here. I believe ...",approved_creator_candidate
2026-05-10,2026-05-10,UC7c5Wo4ykiTwENR2eKPBOnA,V Perfumes,https://www.youtube.com/@vperfumes4u,24.2K subscribers,24200,,middle eastern fragrances,"As a rapidly growing enterprise, we've become a dominant force in Middle Eastern retail, showcasing globally renowned brands ...",brand_shop_or_industry_watch
2026-05-10,2026-05-10,UClZ1n8UjnPROtri83sZ8W9g,ROYAL Fragrance,https://www.youtube.com/@royalfragrance,23.9K subscribers,23900,,fragrance haul,"Welcome to the official J-ROYL Youtube channel, your ultimate source for fun fragrance content!",approved_creator_candidate
2026-05-10,2026-05-10,UCTAD2_pRAD5ylojAC-jNeig,babbs collection,https://www.youtube.com/@babbscollection,23.3K subscribers,23300,,fragrance collection; perfume haul,"My Journey of 15 years in Fragrances. A very different approach towards scents we have used, overlooked and loved.",approved_creator_candidate
2026-05-10,2026-05-10,UCHC0tn1fnUBjvB-vm7C79jg,Sarah Mayes,https://www.youtube.com/@SarahMayes,23K subscribers,23000,,fragrance haul; perfume collection; perfume haul,"Hey Everyone! I'm Sarah, an all things perfume, makeup and beauty enthusiast. I love to watch hauls and reviews and you can ...",approved_creator_candidate
2026-05-10,2026-05-10,UC4d4zz_scTa_C1GlQtN8RIw,Queen Naimah,https://www.youtube.com/@QueenNaimah,22.5K subscribers,22500,,vanilla perfume,Smell Sweet Like a Treat in These Streets The Channel For VANILLA LOVERS! IG: Queenofvanillaa_ Tik Tok: Queenofvanillaa ...,approved_creator_candidate
2026-05-10,2026-05-10,UCbQomm3RIEDHjwWC4-6piMA,SILLAGE SCENTS,https://www.youtube.com/@sillagescents,20.7K subscribers,20700,,fragrance dupes,"Sublime satisfaction of your senses with the stunning sillage of supreme scents! If you are passionate about fragrance, you have ...",secondary_review_needed
2026-05-10,2026-05-10,UCGXGmoXLxnL_ZvxLdWBB7ow,Ashley in Paris,https://www.youtube.com/@ashleyinparisvideos,20.6K subscribers,20600,,vanilla perfume,Fragrance videos by a classically trained perfumer.,secondary_review_needed
2026-05-10,2026-05-10,UC3ZOyy7qPVG2h5asov0NmdA,Claire Smith,https://www.youtube.com/@dr.claire.perfume,20.3K subscribers,20300,,fragrance collection; perfume collection; perfume haul; perfume review,I love perfume! Check out my playlists! Make my day and subscribe!,approved_creator_candidate
2026-05-10,2026-05-10,UC4FGKRSMft4xFkXHHMVZfYw,Cg Scents,https://www.youtube.com/@CgScents,20K subscribers,20000,,fragrance dupes; winter fragrances,Perfume is like music that you wear” - Mathilde Thomas I do not accept any affiliate links or free products. If there ever are paid ...,brand_shop_or_industry_watch
2026-05-10,2026-05-10,UCppx9MJn8TqPsA8Ob9aGLxg,Perfume School,https://www.youtube.com/@vaibhavkhar3502,18.6K subscribers,18600,,perfume brand review; summer fragrances; vanilla perfume,"Welcome to Perfume School! Immerse yourself in the world of perfumes with insightful reviews, unboxings, and tips. From timeless ...",approved_creator_candidate
2026-05-10,2026-05-10,UCqbF97uT4R99XSqlUgFJEnA,Equality Fragrances,https://www.youtube.com/@equalityfragrances1854,18.4K subscribers,18400,,best fragrances,Just talking about Fragrances.,approved_creator_candidate
2026-05-10,2026-05-10,UCaAH4LQWU8TnZLg1XmHHAFw,SSD Fragrances,https://www.youtube.com/@SSDFragrances,18.2K subscribers,18200,,niche fragrance,Niche Fragrances and Middle Eastern Fragrance Reviews and Vlogs.,approved_creator_candidate
2026-05-10,2026-05-10,UCmPBplea2rte7Wx8YFSnUKA,Nubs Fragrances,https://www.youtube.com/@Nubsfragrances,18.1K subscribers,18100,,summer fragrances,Welcome to the scent-sational world of Nubs Fragrances! Where we sniff out the best men's fragrances to boost your confidence ...,approved_creator_candidate
2026-05-10,2026-05-10,UCGRG6KUsxqgW3MEkzycOxlQ,Mohsen Fragrance,https://www.youtube.com/@Mohsen.fragrance,16.9K subscribers,16900,,men's fragrances; women's perfume,I ask women about MEN's fragrances AND ask men about WOMEN's fragrances.,secondary_review_needed
2026-05-10,2026-05-10,UCO8yAN2LjbyusH1S3KqU5KA,Mehedi Hasan,https://www.youtube.com/@MehediHasanPerfumeReviewer,16.7K subscribers,16700,,perfume review,"My channel focuses on perfume reviews,haul....I do most of my reviews in Bengali because there was no perfume review videos in ...",approved_creator_candidate
2026-05-10,2026-05-10,UC-kG1xY0duJPDjvNkAiSODg,The Perfume Reviewer ,https://www.youtube.com/@theperfumereviewr,16.6K subscribers,16600,,best fragrances; fragrance review; perfume review; women's perfume,Reviews about Indian perfumes & uae clones.,approved_creator_candidate
2026-05-10,2026-05-10,UC3z0S-vjJ77UGvZnVfdN5Ww,MaxManScents,https://www.youtube.com/@maxmanscents,16.4K subscribers,16400,,men's fragrances,"As a true fragrance enthusiast, I enjoy exploring and reviewing scents in a fresh and visually engaging way. Through my unique ...",approved_creator_candidate
2026-05-10,2026-05-10,UCUDfAo-rJKA7d4eE7q0G5PA,Perfume Guru,https://www.youtube.com/@PerfumeGuru,15.9K subscribers,15900,,perfume collection; perfume haul; perfume review,"Sincere perfume reviews, recommendations and documentaries exploring the world of fascinating fragrances.",approved_creator_candidate
2026-05-10,2026-05-10,UCuLgYsSfH6l1yv-F4hYwqTA,Scents of Style ,https://www.youtube.com/@ScentsofStyle99,15.3K subscribers,15300,,men's fragrances,,secondary_review_needed
2026-05-10,2026-05-10,UCSUFyw7zzQcs94vj6Qt6Jug,Fragrance Lament,https://www.youtube.com/@Fragrance_Lament,15.3K subscribers,15300,,fragrance collection,"My name is Lincoln Piper, my goal is to make Fragrance videos that are more entertaining and are easier to understand for ...",approved_creator_candidate
2026-05-10,2026-05-10,UCt5sylbFLhJdFmS9Railrjg,Ramsey,https://www.youtube.com/@RamseytheRam,15.2K subscribers,15200,,fragrance review; perfume review,This is a channel dedicated to sharing my love of the art of perfumery with the world. I am an independent channel and all ...,approved_creator_candidate
2026-05-10,2026-05-10,UCDSwr5bRe-9q6vcDblNU38Q,Vallivon The Perfume Don,https://www.youtube.com/@vallivon,15K subscribers,15000,,scent of the day perfume,We love fragrance and smelling amazing! Subscribe and vibe!,secondary_review_needed
2026-05-10,2026-05-10,UCrzX5AbPaiMU2od-B1sHCBw,Enom Fragrances ,https://www.youtube.com/@haiderraj-ke1tb,15K subscribers,15000,,vanilla perfume,Enom Fragrances... We deal in all kinds of perfumes oils ( attars ) fragrance oils Essential oils and Perfumes... we deal in high ...,secondary_review_needed
2026-05-10,2026-05-10,UCEFbLRiPM4GPhV3UYZsC9Ig,Max Aoud - Fragrance ,https://www.youtube.com/@maxaoud,14.3K subscribers,14300,,oud fragrance,Die besten Parfüms.,approved_creator_candidate
2026-05-10,2026-05-10,UCiQeDmie2olbzKI3V659m5w,The Gossip Closet,https://www.youtube.com/@TheGossipCloset,14K subscribers,14000,,perfume haul,"Welcome to The Gossip Closet with me, Edgar-O. Here I will be uploading everything and anything about perfumes and maybe a ...",approved_creator_candidate
2026-05-10,2026-05-10,UCZ0YQVX1oB81x7ycjJJBzqw,The Perfume Experience,https://www.youtube.com/@ThePerfumeExperience,13.8K subscribers,13800,,perfume review,"Hello Fragheads ! On this channel I compare the original fragrances to clones and alts, I review Private blends, I suggest tips and ...",approved_creator_candidate
2026-05-10,2026-05-10,UCnQYFJ0gpT2DoFxpbjUSupw,Hamidi Oud & Perfumes,https://www.youtube.com/@hamidioudandperfumes,13.4K subscribers,13400,,oud fragrance,"A fresh, clean, hydrating, skin-safe non-alcoholic fragrance brand delivering long-lasting scent experiences. • 20+ Years of ...",brand_shop_or_industry_watch
2026-05-10,2026-05-10,UCftsmGkEMnnSxaeHXSef_CA,AC Fragrances,https://www.youtube.com/@acfragrances,13.2K subscribers,13200,,summer fragrances,Advice on Men's Fragrances and my personal opinions on them :),secondary_review_needed
2026-05-10,2026-05-10,UCwzyrH_hh9env47zExLkPZg,CASUAL FRAGRANCES,https://www.youtube.com/@Hititup2121,13K subscribers,13000,,fragrance haul,,approved_creator_candidate
2026-05-10,2026-05-10,UC48Dfj7aBwggC21qD0YGreg,Visionary Fragrances,https://www.youtube.com/@visionaryfragrances,11.8K subscribers,11800,,fragrance collection; summer fragrances,My name is George and I am the face of this Fragrance Channel as well as the owner of visionaryfragrances.com - which is a ...,approved_creator_candidate
2026-05-10,2026-05-10,UCR1ylZ4z1-C0RtEqJ-btY2A,Sasha Scents,https://www.youtube.com/@sashascents,11.8K subscribers,11800,,fragrance haul,"Welcome to Sasha Scents, the ultimate destination for fragrance enthusiasts! Sasha Scents is a channel that provides honest and ...",approved_creator_candidate
2026-05-10,2026-05-10,UCT1ytjccyicIrOzxUW35B2g,Olfactofiles,https://www.youtube.com/@Olfactofiles,11.7K subscribers,11700,,fragrance collection,Oflactofiles is a place for us to share our love of fragrance. Join me in my fragrance journey and hear my thoughts on a variety of ...,approved_creator_candidate
2026-05-10,2026-05-10,UCYrkiJlPsM-dt-vf9mzGbag,Scent In The Sun,https://www.youtube.com/@ScentInTheSun,11.3K subscribers,11300,,scent of the day perfume,"Welcome to Scent In The Sun ☀️ I test luxury and niche perfumes in real African heat to give honest, no hype fragrance reviews.",approved_creator_candidate
2026-05-10,2026-05-10,UCpa87Mvf8JsimS0DFbfbIAg,MOinsideHIT Fragrances ,https://www.youtube.com/@MOinsideHITFragrances,11.2K subscribers,11200,,best fragrances; fragrance review; luxury perfume; perfume brand review; summer fragrances,"Hey! Welcome to MOinsideHIT Fragrances ✨ I'm Mohit.. and if you love perfumes, you're in the right place! Here, I unbox and ...",approved_creator_candidate
2026-05-10,2026-05-10,UCNAFCpNoNHfEW1mSgyw2YtA,FatBoy Fragrance Reviews,https://www.youtube.com/@fatboyfragrancereviews,11.1K subscribers,11100,,fragrance review; perfume review,Real reviews from a regular guy. Home the most hype frag head in the game. Fragrances gave me confidence when I was in high ...,approved_creator_candidate
2026-05-10,2026-05-10,UCe684af7wQXwgqpgVY6-qtQ,CloneFrag,https://www.youtube.com/@CloneFrag,11.1K subscribers,11100,,fragrance dupes,Fragrance Reviews and Guide New Fragrances FRAGRANCE CLONES FRAGRANCE DUPES This is an informative Channel!,approved_creator_candidate
2026-05-10,2026-05-10,UCetcHQ8Oh97_IwQ1z4pb0Ag,Scentrifugal Force,https://www.youtube.com/@Sahbomnim,10.9K subscribers,10900,,fragrance haul; oud fragrance,,approved_creator_candidate
2026-05-10,2026-05-10,UCAV9rjgmw-Y-ywNt6aJKDeA,Jaysmellys,https://www.youtube.com/@Jaysmellys,10.6K subscribers,10600,,vanilla perfume,"Lifestyle, Fragrance, Food. Pretty Much Everything.",secondary_review_needed
2026-05-10,2026-05-10,UCnBzEQcyptno5nsNgg1MopA,Ensar Oud,https://www.youtube.com/@EnsarOud,10.4K subscribers,10400,,oud fragrance,Subscribe and join Ensar Oud's journey across the Far East as he produces the worlds most exquisite and expensive arisanal ...,secondary_review_needed
2026-05-10,2026-05-10,UC8J6N_sDih9FDcX8hebcuYQ,SHAHIDI SCENT REVIEWS,https://www.youtube.com/@SHAHIDISCENTREVIEWS-gt1ce,10.1K subscribers,10100,,fragrance review; perfume review; women's perfume,Perfume lover's come here……… Follow me on insta shahidi_scent_reviews.,approved_creator_candidate
2026-05-10,2026-05-10,UC-Cv9XgfuyDqeozLHKc0IIA,Mr Niche Parfum,https://www.youtube.com/@mrnicheparfum9219,10K subscribers,10000,,niche fragrance,RESEÑAS DE PERFUMERÍA NICHO.,secondary_review_needed
2026-05-10,2026-05-10,UCni8RVG47tdRqywL2NKtdJg,Adwoa Loves Fragrances,https://www.youtube.com/@adwoalovesfragrances5324,9.97K subscribers,9970,,middle eastern fragrances,This channel is about fragrance reviews Email malherty2000@yahoo.com.,approved_creator_candidate
2026-05-10,2026-05-10,UCt0_CgiJgQWqSgJ6wauP6iQ,TheTopNote,https://www.youtube.com/@TheTopNote,9.8K subscribers,9800,,perfume brand review,"Chit-Chatting about all things fragrance related, mostly perfume reviews but no doubt I will update you on the latest fragrant ...",approved_creator_candidate
2026-05-10,2026-05-10,UCJkB7vfUJFvWCAtHqbsK-mw,Pika Scent,https://www.youtube.com/@pikascent,9.8K subscribers,9800,,fragrance review,Your average perfume addict with an above average passion for sharing fragrances.,approved_creator_candidate
2026-05-10,2026-05-10,UCaeQJXmLThpPDdsnu-T98IA,Not Another Perfume Channel,https://www.youtube.com/@Mamabearperfumechannel,9.58K subscribers,9580,,fragrance collection; fragrance dupes; middle eastern fragrances; perfume collection; perfume dupes; perfume haul,"Hey, friends! ‍♀️ Welcome to the channel! My name is Jamie and I'm so glad to meet you If you have a passion for ...",approved_creator_candidate
2026-05-10,2026-05-10,UCGDV1H1AuqwWKbeuJZ3G0XA,Scento Fragrances Pakistan,https://www.youtube.com/@ScentoFragrancesPakistan,9.26K subscribers,9260,,scent of the day perfume,Luxury fragrances in your budget. • 40% oil concentration. • At your door step. • Live https://www.scentofragrances.com.,secondary_review_needed
2026-05-10,2026-05-10,UC12QVjTY1Ev4qmJX_YdQ85A,The Perfume Pros,https://www.youtube.com/@ThePerfumePros,9.05K subscribers,9050,,perfume brand review; women's perfume,"Professionals in the luxury world of perfume, sharing our expertise, experience and product reviews with you. Please join in with ...",approved_creator_candidate
2026-05-10,2026-05-10,UCYyQh1ADbvGeJluBY1gH5Ow,Eloise Scents,https://www.youtube.com/@Eloisescents0309,8.68K subscribers,8680,,fragrance review; perfume review,"Fragrance enthusiast, lover of perfume..... and always exploring... Email: nicheeloise9@gmail.com About Me: ...",approved_creator_candidate
2026-05-10,2026-05-10,UC3amkQ8QhfnFeFlYI7adqeA,Kelkar Fragrances,https://www.youtube.com/@KelkarFragrances,8.59K subscribers,8590,,fragrance industry,"Founded by Abhijeet Kelkar in 2009, Kelkar Foods & Fragrances has come a long way. The original family business of the Kelkar ...",brand_shop_or_industry_watch
2026-05-10,2026-05-10,UCSeHLZndE-63bREgPBoQIIQ,Scents N Stories,https://www.youtube.com/@scentsnstories,8.52K subscribers,8520,,best fragrances; fragrance industry; perfume industry,"Want your perfume to start a conversation? Join us! Nine years ago, our CEO, Saad Afridi, launched Scents N Stories as an online ...",approved_creator_candidate
2026-05-10,2026-05-10,UCSTuhpXBHDaJnw-U01T3etQ,Janelle's Scent Closet,https://www.youtube.com/@janelle-scenttalkfrommycloset,8.42K subscribers,8420,,scent of the day perfume,"Welcome to Scent Talk from my Closet !!! Fragrances have always been present in my Life from a very early age, from shopping ...",brand_shop_or_industry_watch
2026-05-10,2026-05-10,UCN6uX1brpmS9OkoJebiHtoA,The Fragrance Well,https://www.youtube.com/@thefragrancewell,8.38K subscribers,8380,,men's fragrances; scent of the day perfume,Welcome to The Fragrance Well where we explore the infinite world of fragrances. Join me as I continue to pour into my well of ...,secondary_review_needed
2026-05-10,2026-05-10,UCZRqDCloCfFQDD4aPInc0oA,Arabian Aroma,https://www.youtube.com/@arabianaromaperfume,8.37K subscribers,8370,,arabian perfumes,,secondary_review_needed
2026-05-10,2026-05-10,UCA8LJcffSsL8NrRjP2_hgGA,Niche Fragrance Review,https://www.youtube.com/@nichefragrancereview,8.07K subscribers,8070,,niche fragrance,,approved_creator_candidate
2026-05-10,2026-05-10,UCdMwP92T0ijbX-uDBrXmtRw,EnterTheFragrance ,https://www.youtube.com/@EnterTheFragrance,8.03K subscribers,8029,,men's fragrances,"Welcome to EnterTheFragrance! Fragrance reviews, opinions, and first impressions!",approved_creator_candidate
2026-05-10,2026-05-10,UChSq5PWiv1Iswnl6aKEPZ5w,Among the Stars Perfume Reviews,https://www.youtube.com/@amongthestarsperfumereview1041,8.03K subscribers,8029,,perfume review,"Hey! Thanks for stoping by and welcome to my channel!! I welcome you ""Among the Stars"" On this channel you will find a wide ...",approved_creator_candidate
2026-05-10,2026-05-10,UCbfxA_V60PXzzV3E3wxmKPg,Elizabeth Grace ,https://www.youtube.com/@aroomwithperfume,7.88K subscribers,7880,,perfume collection; perfume haul,"I've loved all things fragrance since I was a little girl, and love adore how perfume can be so tied into our most beautiful and ...",approved_creator_candidate
2026-05-10,2026-05-10,UCQKlM6fwIJdxIjRkDD-Do2Q,dupesandlookalikes,https://www.youtube.com/@dupesandlookalikes,7.86K subscribers,7860,,fragrance dupes; perfume dupes,Love dupes? Discover the latest designer and high end dupes and lookalikes here.,secondary_review_needed
2026-05-10,2026-05-10,UCBHh-BzBsChOjn3bqN5IzzA,Fragrances,https://www.youtube.com/@fragrances6833,7.72K subscribers,7720,,men's fragrances,,secondary_review_needed
2026-05-10,2026-05-10,UC8_UpL3Am3SG8t8JGpfzDMA,ScentOlogy,https://www.youtube.com/@ScentOlogy,7.68K subscribers,7680,,perfume brand review,Hello Guys who are new here.... This is BK Fragrances! We are mostly about Perfumes... Trying and reviewing new perfumes.,approved_creator_candidate
2026-05-10,2026-05-10,UC8rHlQ7RyyVbj762TSsDPdA,fragrancefoundationuk,https://www.youtube.com/@fragrancefoundation,7.59K subscribers,7590,,fragrance industry,"... excellence for the fragrance industry in the UK. Our Mission: To expand the appreciation, enjoyment, use and sale of fragrances ...",secondary_review_needed
2026-05-10,2026-05-10,UCknYXYNhw9DsYqLspd648wA,Real Scent Review,https://www.youtube.com/@realscentreview,7.25K subscribers,7250,,fragrance review; perfume review,Fragrance Reviews.,approved_creator_candidate
2026-05-10,2026-05-10,UCXXQas4Hsyte_AbYrhpyLmg,Annelise,https://www.youtube.com/@Annelise_Reviews,7.18K subscribers,7180,,vanilla perfume,Loving fragrances and sharing my thoughts with you :-) I love reading your own thoughts and experiences so feel free to leave me ...,secondary_review_needed
2026-05-10,2026-05-10,UCf8uoCuRmajjABAX_rXignA,Fine Fragrance Collection,https://www.youtube.com/@finefragrancecollection3399,7.17K subscribers,7170,,fragrance collection; perfume collection; perfume haul,"We are generic perfume, NOT copy perfumes. Our generic perfumes smell the same as the originals. Our generic perfumes last ...",approved_creator_candidate
2026-05-10,2026-05-10,UCES7U_MgvhUHYTSVr9Q5Vqg,Julia Graf Perfumes,https://www.youtube.com/@juliagrafperfumes136,7.07K subscribers,7070,,perfume haul; women's perfume,"One Woman's thoughts on all things fragrance, scents and perfumes. On this channel you will see perfume reviews, my purchases ...",approved_creator_candidate
2026-05-10,2026-05-10,UCJQhE8fR092Fxk_CSZcZ50g,Unravel Perfumery,https://www.youtube.com/@Unravelperfumery,6.9K subscribers,6900,,fragrance industry; perfume brand review; perfume industry,"... the secrets of fragrance creation, business tips for aspiring perfumers, and insights from my journey in the fragrance industry.",approved_creator_candidate
2026-05-10,2026-05-10,UC_lewXVlXsOyvr0bEj8yUVg,Ali Scents,https://www.youtube.com/@aliscents17,6.85K subscribers,6850,,fragrance trends,Stay up-to-date with the latest in men's fragrance trends and join our community of scent enthusiasts. Subscribe now and elevate ...,approved_creator_candidate
2026-05-10,2026-05-10,UCi4iA90XnmzibJeAO6XAeiw,PerfumeBlog,https://www.youtube.com/@perfumeblog6849,@perfumeblog6849,6849,,perfume dupes,All about Fragrances... Facebook: The Perfume Blog Twitter: PerfumeBlog1 Instagram: Fragranceblog1.,secondary_review_needed
2026-05-10,2026-05-10,UCkZBwR2YQV3_yZKaKzp2mHA,NoCap Fragrance Reviews,https://www.youtube.com/@NoCap_FragranceReviews,6.75K subscribers,6750,,fragrance review,"My Passion is Fragrances, My Focus is Honest Commentary, My Goal is to help You smell your Best for Less!",approved_creator_candidate
2026-05-10,2026-05-10,UC6Fa4_WiwWP1z_oaFM6486g,Frag Facts,https://www.youtube.com/@frag_facts,6.75K subscribers,6750,,fragrance trends,"Welcome to Frag Facts, the ultimate destination for scent-sational knowledge! . Join us to know fascinating facts, reviews about ...",approved_creator_candidate
2026-05-10,2026-05-10,UCec1GsKyQTpaqAjeZnm_W9A,Bella Starr,https://www.youtube.com/@bellasperfumediaries,6.64K subscribers,6640,,perfume brand review; perfume haul,Let's ride through an amazing fragrance journey.,approved_creator_candidate
2026-05-10,2026-05-10,UCFQNGbC60LELKmyV4Kj9-GA,Quick Fragrance Reviews,https://www.youtube.com/@fragrancenotes,6.6K subscribers,6600,,fragrance review; perfume brand review; perfume review; unisex fragrance,"My fragrance site: DecantPlanet.com I don't accept free fragrances, money, or anything else from fragrance brands, and all ...",approved_creator_candidate
2026-05-10,2026-05-10,UCSyLBBDe8F2xC1Ei3vH968g,Best Cologne For Men,https://www.youtube.com/@ilikemensfragrances,6.45K subscribers,6450,,best fragrances; men's fragrances,My name's Jake and I review men's fragrances.,approved_creator_candidate
2026-05-10,2026-05-10,UCuHV3twfVyfel_08DkKLR1A,Luke Parfums,https://www.youtube.com/@lukeparfums,6.35K subscribers,6350,,fragrance haul; perfume haul,Hello everyone! My name is Luke and I'm a perfume enthusiast. This channel is my creative outlet where I share my perfume ...,approved_creator_candidate
2026-05-10,2026-05-10,UCemnXnl6Q6KTsUU1lDNqerA,Everyman Fragrances,https://www.youtube.com/@EverymanFragrances,6.03K subscribers,6030,,best fragrances,Discussing and reviewing (mostly) affordable fragrances. Formerly known as Frags To Riches.,approved_creator_candidate
2026-05-10,2026-05-10,UCUq4XkOUMLTNsAWujLm4wGQ,Madni Perfume,https://www.youtube.com/@madaniperfume,6.02K subscribers,6020,,middle eastern fragrances,"Specially MIddle Eastern fragrances, from cheap to niche, Designers & famous Niche houses. You will also find a lot of hidden ...",secondary_review_needed
2026-05-10,2026-05-10,UCtV01p7sjA0keLYFcVHfCQg,The Cologne Collective ,https://www.youtube.com/@TheColongeCollective,5.9K subscribers,5900,,fragrance dupes,"Welcome to The Cologne Collective! My name is Trevor and I have been a (Cologne/Fragrance) enthusiast for the past few years, ...",approved_creator_candidate
2026-05-10,2026-05-10,UCzv0peddNptxc8q8Y5wE_4g,G Perfume,https://www.youtube.com/@gperfume,5.83K subscribers,5830,,perfume dupes,"About Us Welcome to Gurunanak Perfumers (G Perfume), your go-to destination for high-quality perfume dupes at reasonable ...",brand_shop_or_industry_watch
2026-05-10,2026-05-10,UCec7RHro4KQG57kPe1Fj5nQ,miladisme Fragrances ,https://www.youtube.com/@miladheran,5.49K subscribers,5490,,men's fragrances,"Welcome to the ultimate destination for men's fragrances and colognes! I explore the world of luxury scents, long-lasting ...",brand_shop_or_industry_watch
2026-05-10,2026-05-10,UCdPn3FLoF_VazH-gG1ndAyA,Mafer Perfumes,https://www.youtube.com/@maferperfumes,5.43K subscribers,5430,,women's perfume,Coleccionista y amante a los perfumes.,secondary_review_needed
2026-05-10,2026-05-10,UCND4hS20HDLHGhBU55Ft11Q,MantasFragrance,https://www.youtube.com/@MantasFragrance,5.4K subscribers,5400,,best fragrances; men's fragrances; middle eastern fragrances; niche fragrance,"Best Men's Fragrances, Cologne Reviews & Perfume Buying Guides Welcome to MantasFragrance – your ultimate destination for ...",approved_creator_candidate
2026-05-10,2026-05-10,UC-5C3i_7uXk4FLgLbPW8jVA,ZinaFumes,https://www.youtube.com/@ZinaFumes-w7s,5.36K subscribers,5360,,fragrance trends,"Welcome to ZinaFumes! If you're passionate about perfumes, beauty, and luxury, you've found your new favorite channel! I share ...",approved_creator_candidate
2026-05-10,2026-05-10,UChYf4cBWy0nv46XJ0mG2IKQ,Seth Fragrance ,https://www.youtube.com/@SethFragrance,5.29K subscribers,5290,,men's fragrances; summer fragrances,"Hey there! I'm Seth, I review fragrances and make them affordable. Shop a selection of fragrance decants and samples below.",approved_creator_candidate
2026-05-10,2026-05-10,UCVRP-0vD9b7NKL7ZT_QmPqw,The Fragrance Viking,https://www.youtube.com/@thefragranceviking,5.06K subscribers,5060,,fragrance haul,,approved_creator_candidate
2026-05-10,2026-05-10,UCUMdQloTSPA4ItCSSX8Nq3g,The Fragrance Code,https://www.youtube.com/@TheFragranceCodeYTB,5.03K subscribers,5030,,fragrance industry; perfume industry,"Welcome to The Fragrance Code! I talk about perfumes in a simple and honest way. What they smell like, when to wear them, and ...",secondary_review_needed
2026-05-10,2026-05-10,UC3yXNXK63Mwz62KXjUZNY4Q,Lattafa Perfumes,https://www.youtube.com/@lattafaperfumesofficial,5.01K subscribers,5010,,fragrance industry,,secondary_review_needed
